Const,ItemType,MovieName,MovieYear,MovieDirector,MovieRating,MoviePosterUrl
tt1001508,Movie,"He's Just Not That Into You",2009,Ken Kwapis,10,"https://m.media-amazon.com/images/M/MV5BMTY5MTUyNDgwMF5BMl5BanBnXkFtZTcwNzYzMDQyMg@@._V1_UX182_CR0,0,182,268_AL_.jpg"
tt1001526,Movie,"Megamind",2010,Tom McGrath,8,"https://m.media-amazon.com/images/M/MV5BMTAzMzI0NTMzNDBeQTJeQWpwZ15BbWU3MDM3NTAyOTM@._V1_UX182_CR0,0,182,268_AL_.jpg"
tt1013752,Movie,"Fast & Furious (Fast and the Furious 4, The)",2009,Justin Lin,10,"https://m.media-amazon.com/images/M/MV5BYjQ1ZTMxNzgtZDcxOC00NWY5LTk3ZjAtYzRhMDhlNDZlOWEzXkEyXkFqcGdeQXVyNzkwMjQ5NzM@._V1_UX182_CR0,0,182,268_AL_.jpg"
tt1055369,Movie,"Transformers: Revenge of the Fallen",2009,Michael Bay,9,"https://m.media-amazon.com/images/M/MV5BNjk4OTczOTk0NF5BMl5BanBnXkFtZTcwNjQ0NzMzMw@@._V1_UX182_CR0,0,182,268_AL_.jpg"
tt0110413,Movie,"Léon: The Professional (a.k.a. The Professional) (Léon)",1994,Luc Besson,10,"https://m.media-amazon.com/images/M/MV5BZDAwYTlhMDEtNTg0OS00NDY2LWJjOWItNWY3YTZkM2UxYzUzXkEyXkFqcGdeQXVyNTA4NzY1MzY@._V1_UY268_CR4,0,182,268_AL_.jpg"
tt0114369,Movie,"Seven (a.k.a. Se7en)",1995,David Fincher,10,"https://m.media-amazon.com/images/M/MV5BOTUwODM5MTctZjczMi00OTk4LTg3NWUtNmVhMTAzNTNjYjcyXkEyXkFqcGdeQXVyNjU0OTQ0OTY@._V1_UX182_CR0,0,182,268_AL_.jpg"
tt0120338,Movie,"Titanic",1997,James Cameron,7,"https://m.media-amazon.com/images/M/MV5BMDdmZGU3NDQtY2E5My00ZTliLWIzOTUtMTY4ZGI1YjdiNjk3XkEyXkFqcGdeQXVyNTA4NzY1MzY@._V1_UX182_CR0,0,182,268_AL_.jpg"
tt1216475,Movie,"Cars 2",2011,"Brad Lewis, John Lasseter",8,"https://m.media-amazon.com/images/M/MV5BMTUzNTc3MTU3M15BMl5BanBnXkFtZTcwMzIxNTc3NA@@._V1_UX182_CR0,0,182,268_AL_.jpg"
tt1228705,Movie,"Iron Man 2",2010,Jon Favreau,10,"https://m.media-amazon.com/images/M/MV5BMTM0MDgwNjMyMl5BMl5BanBnXkFtZTcwNTg3NzAzMw@@._V1_UX182_CR0,0,182,268_AL_.jpg"
tt1277953,Movie,"Madagascar 3: Europe's Most Wanted",2012,"Conrad Vernon, Tom McGrath, Eric Darnell",9,"https://m.media-amazon.com/images/M/MV5BMTM2MTIzNzk2MF5BMl5BanBnXkFtZTcwMDcwMzQxNw@@._V1_UX182_CR0,0,182,268_AL_.jpg"
tt1300854,Movie,"Iron Man 3",2013,Shane Black,10,"https://m.media-amazon.com/images/M/MV5BMjE5MzcyNjk1M15BMl5BanBnXkFtZTcwMjQ4MjcxOQ@@._V1_UY268_CR3,0,182,268_AL_.jpg"
tt1302011,Movie,"Kung Fu Panda 2",2011,Jennifer Yuh Nelson,6,"https://m.media-amazon.com/images/M/MV5BYzQ0ZWIxZjAtYWI3Yy00MGM0LWFjOGYtNzcyYThiOTA3ODI1XkEyXkFqcGdeQXVyODE5NzE3OTE@._V1_UX182_CR0,0,182,268_AL_.jpg"
tt1323594,Movie,"Despicable Me",2010,"Chris Renaud, Pierre Coffin",9,"https://m.media-amazon.com/images/M/MV5BMTY3NjY0MTQ0Nl5BMl5BanBnXkFtZTcwMzQ2MTc0Mw@@._V1_UX182_CR0,0,182,268_AL_.jpg"
tt1399103,Movie,"Transformers: Dark of the Moon",2011,Michael Bay,9,"https://m.media-amazon.com/images/M/MV5BMTkwOTY0MTc1NV5BMl5BanBnXkFtZTcwMDQwNjA2NQ@@._V1_UX182_CR0,0,182,268_AL_.jpg"
tt1453405,Movie,"Monsters University",2013,Dan Scanlon,9,"https://m.media-amazon.com/images/M/MV5BMTUyODgwMDU3M15BMl5BanBnXkFtZTcwOTM4MjcxOQ@@._V1_UX182_CR0,0,182,268_AL_.jpg"
tt1454468,Movie,"Gravity",2013,Alfonso Cuarón,5,"https://m.media-amazon.com/images/M/MV5BNjE5MzYwMzYxMF5BMl5BanBnXkFtZTcwOTk4MTk0OQ@@._V1_UX182_CR0,0,182,268_AL_.jpg"
tt1690953,Movie,"Despicable Me 2",2013,"Chris Renaud, Pierre Coffin",10,"https://m.media-amazon.com/images/M/MV5BMjExNjAyNTcyMF5BMl5BanBnXkFtZTgwODQzMjQ3MDE@._V1_UX182_CR0,0,182,268_AL_.jpg"
tt1772341,Movie,"Wreck-It Ralph",2012,Rich Moore,9,"https://m.media-amazon.com/images/M/MV5BNzMxNTExOTkyMF5BMl5BanBnXkFtZTcwMzEyNDc0OA@@._V1_UX182_CR0,0,182,268_AL_.jpg"
tt1905041,Movie,"Fast & Furious 6 (Fast and the Furious 6, The)",2013,Justin Lin,9,"https://m.media-amazon.com/images/M/MV5BMTM3NTg2NDQzOF5BMl5BanBnXkFtZTcwNjc2NzQzOQ@@._V1_UX182_CR0,0,182,268_AL_.jpg"
tt1980929,Movie,"Begin Again",2013,John Carney,9,"https://m.media-amazon.com/images/M/MV5BNjAxMTI4MTgzMV5BMl5BanBnXkFtZTgwOTAwODEwMjE@._V1_UX182_CR0,0,182,268_AL_.jpg"
tt0198781,Movie,"Monsters, Inc.",2001,David Silverman,7,"https://m.media-amazon.com/images/M/MV5BMTY1NTI0ODUyOF5BMl5BanBnXkFtZTgwNTEyNjQ0MDE@._V1_UX182_CR0,0,182,268_AL_.jpg"
tt2245084,Movie,"Big Hero 6",2014,"Chris Williams, Don Hall",8,"https://m.media-amazon.com/images/M/MV5BMDliOTIzNmUtOTllOC00NDU3LWFiNjYtMGM0NDc1YTMxNjYxXkEyXkFqcGdeQXVyNTM3NzExMDQ@._V1_UY268_CR3,0,182,268_AL_.jpg"
tt2267968,Movie,"Kung Fu Panda 3",2016,Jennifer Yuh Nelson,9,"https://m.media-amazon.com/images/M/MV5BMTUyNzgxNjg2M15BMl5BanBnXkFtZTgwMTY1NDI1NjE@._V1_UX182_CR0,0,182,268_AL_.jpg"
tt0232500,Movie,"The Fast and the Furious",2001,Rob Cohen,10,"https://m.media-amazon.com/images/M/MV5BNzlkNzVjMDMtOTdhZC00MGE1LTkxODctMzFmMjkwZmMxZjFhXkEyXkFqcGdeQXVyNjU0OTQ0OTY@._V1_UX182_CR0,0,182,268_AL_.jpg"
tt0264464,Movie,"Catch Me If You Can",2002,Steven Spielberg,10,"https://m.media-amazon.com/images/M/MV5BMTY5MzYzNjc5NV5BMl5BanBnXkFtZTYwNTUyNTc2._V1_UX182_CR0,0,182,268_AL_.jpg"
tt2802144,Movie,"Kingsman: The Secret Service",2014,Matthew Vaughn,9,"https://m.media-amazon.com/images/M/MV5BMTkxMjgwMDM4Ml5BMl5BanBnXkFtZTgwMTk3NTIwNDE@._V1_UX182_CR0,0,182,268_AL_.jpg"
tt2820852,Movie,"Furious Seven",2015,James Wan,8,"https://m.media-amazon.com/images/M/MV5BMTQxOTA2NDUzOV5BMl5BanBnXkFtZTgwNzY2MTMxMzE@._V1_UX182_CR0,0,182,268_AL_.jpg"
tt0309698,Movie,"Identity",2003,James Mangold,9,"https://m.media-amazon.com/images/M/MV5BMjE2NzgyNDYzNl5BMl5BanBnXkFtZTYwODM2Nzc2._V1_UX182_CR0,0,182,268_AL_.jpg"
tt0317219,Movie,"Cars",2006,John Lasseter,9,"https://m.media-amazon.com/images/M/MV5BMTg5NzY0MzA2MV5BMl5BanBnXkFtZTYwNDc3NTc2._V1_UX182_CR0,0,182,268_AL_.jpg"
tt0317705,Movie,"The Incredibles",2004,Brad Bird,7,"https://m.media-amazon.com/images/M/MV5BMTY5OTU0OTc2NV5BMl5BanBnXkFtZTcwMzU4MDcyMQ@@._V1_UX182_CR0,0,182,268_AL_.jpg"
tt0322259,Movie,"2 Fast 2 Furious (Fast and the Furious 2, The)",2003,John Singleton,9,"https://m.media-amazon.com/images/M/MV5BMzExYjcyYWMtY2JkOC00NDUwLTg2OTgtMDI3MGY2OWQzMDE2XkEyXkFqcGdeQXVyMTQxNzMzNDI@._V1_UX182_CR0,0,182,268_AL_.jpg"
tt0351283,Movie,"Madagascar",2005,Tom McGrath,7,"https://m.media-amazon.com/images/M/MV5BN2I5YzFlYWEtZjRhNy00ZmQzLWJhNTktZGIwYjFjODdmNDgxXkEyXkFqcGdeQXVyMTQxNzMzNDI@._V1_UX182_CR0,0,182,268_AL_.jpg"
tt3659388,Movie,"The Martian",2015,Ridley Scott,9,"https://m.media-amazon.com/images/M/MV5BMTc2MTQ3MDA1Nl5BMl5BanBnXkFtZTgwODA3OTI4NjE@._V1_UX182_CR0,0,182,268_AL_.jpg"
tt0371746,Movie,"Iron Man",2008,Jon Favreau,10,"https://m.media-amazon.com/images/M/MV5BMTczNTI2ODUwOF5BMl5BanBnXkFtZTcwMTU0NTIzMw@@._V1_UX182_CR0,0,182,268_AL_.jpg"
tt0372784,Movie,"Batman Begins",2005,Christopher Nolan,7,"https://m.media-amazon.com/images/M/MV5BZmUwNGU2ZmItMmRiNC00MjhlLTg5YWUtODMyNzkxODYzMmZlXkEyXkFqcGdeQXVyNTIzOTk5ODM@._V1_UY268_CR9,0,182,268_AL_.jpg"
tt0418279,Movie,"Transformers",2007,Michael Bay,6,"https://m.media-amazon.com/images/M/MV5BNDg1NTU2OWEtM2UzYi00ZWRmLWEwMTktZWNjYWQ1NWM1OThjXkEyXkFqcGdeQXVyMTQxNzMzNDI@._V1_UX182_CR0,0,182,268_AL_.jpg"
tt0441773,Movie,"Kung Fu Panda",2008,Mark Osborne,7,"https://m.media-amazon.com/images/M/MV5BODJkZTZhMWItMDI3Yy00ZWZlLTk4NjQtOTI1ZjU5NjBjZTVjXkEyXkFqcGdeQXVyODE5NzE3OTE@._V1_UY268_CR1,0,182,268_AL_.jpg"
tt4630562,Movie,"The Fate of the Furious",2017,F. Gary Gray,9,"https://m.media-amazon.com/images/M/MV5BMjMxODI2NDM5Nl5BMl5BanBnXkFtZTgwNjgzOTk1MTI@._V1_UX182_CR0,0,182,268_AL_.jpg"
tt0463985,Movie,"Fast and the Furious: Tokyo Drift, The (Fast and the Furious 3, The)",2006,Justin Lin,4,"https://m.media-amazon.com/images/M/MV5BMTQ2NTMxODEyNV5BMl5BanBnXkFtZTcwMDgxMjA0MQ@@._V1_UX182_CR0,0,182,268_AL_.jpg"
tt0468569,Movie,"The Dark Knight",2008,Christopher Nolan,9,"https://m.media-amazon.com/images/M/MV5BMTMxNTMwODM0NF5BMl5BanBnXkFtZTcwODAyMTk2Mw@@._V1_UX182_CR0,0,182,268_AL_.jpg"
tt0479952,Movie,"Madagascar: Escape 2 Africa",2008,Tom McGrath,7,"https://m.media-amazon.com/images/M/MV5BMjExMDA4NDcwMl5BMl5BanBnXkFtZTcwODAxNTQ3MQ@@._V1_UX182_CR0,0,182,268_AL_.jpg"
tt0499549,Movie,"Avatar",2009,James Cameron,8,"https://m.media-amazon.com/images/M/MV5BMTYwOTEwNjAzMl5BMl5BanBnXkFtZTcwODc5MTUwMw@@._V1_UX182_CR0,0,182,268_AL_.jpg"
tt0848228,Movie,"The Avengers",2012,Joss Whedon,6,"https://m.media-amazon.com/images/M/MV5BNDYxNjQyMjAtNTdiOS00NGYwLWFmNTAtNThmYjU5ZGI2YTI1XkEyXkFqcGdeQXVyMTMxODk2OTU@._V1_UX182_CR0,0,182,268_AL_.jpg"
